{"cameraMode":{"drawMode":0,"name":"Shaded","section":"Shading Mode"},"sceneLighting":true,"audioPlay":false,"sceneViewState":{"m_AlwaysRefresh":false,"showFog":true,"showSkybox":true,"showFlares":true,"showImageEffects":true,"showParticleSystems":true,"showVisualEffectGraphs":true,"m_FxEnabled":true},"in2DMode":false,"pivot":{"x":416.0448303222656,"y":248.27264404296876,"z":107.33285522460938},"rotation":{"x":0.07493070513010025,"y":-0.002391577698290348,"z":0.00018704279500525445,"w":0.9972009658813477},"size":369.3408203125,"orthographic":true}