{"cameraMode":{"drawMode":0,"name":"Shaded","section":"Shading Mode"},"sceneLighting":true,"audioPlay":false,"sceneViewState":{"m_AlwaysRefresh":false,"showFog":true,"showSkybox":true,"showFlares":true,"showImageEffects":true,"showParticleSystems":true,"showVisualEffectGraphs":true,"m_FxEnabled":true},"in2DMode":false,"pivot":{"x":172.96844482421876,"y":103.94705963134766,"z":-132.44566345214845},"rotation":{"x":0.01993095874786377,"y":-0.9691462516784668,"z":0.08335750550031662,"w":0.23127153515815736},"size":9.874063491821289,"orthographic":false}