{"cameraMode":{"drawMode":0,"name":"Shaded","section":"Shading Mode"},"sceneLighting":false,"audioPlay":false,"sceneViewState":{"m_AlwaysRefresh":false,"showFog":false,"showSkybox":false,"showFlares":false,"showImageEffects":false,"showParticleSystems":false,"showVisualEffectGraphs":true,"m_FxEnabled":true},"in2DMode":false,"pivot":{"x":-0.00034928321838378906,"y":1.4737462997436524,"z":-0.06216044723987579},"rotation":{"x":0.06828200817108154,"y":-0.9175940155982971,"z":0.18009790778160096,"w":0.34788739681243899},"size":2.1241979598999025,"orthographic":false}